INSERT INTO product (price, created_at, brand, name)
VALUES (100.00, '2024-02-16 22:55:09.000', 'Wilson', 'Pro Staff 97'),
       (150.00, '2024-02-16 22:55:09.000', 'Wilson', 'Pro Staff RF97 Autograph'),
       (90.00, '2024-02-16 22:55:09.000', 'Wilson', 'Blade 98'),
       (80.00, '2024-02-16 22:55:09.000', 'Wilson', 'Blade 104'),
       (100.00, '2024-02-16 22:55:09.000', 'Wilson', 'Ultra 100'),
       (50.00, '2024-02-16 22:55:09.000', 'Wilson', 'Ultra Tour'),
       (10.00, '2024-02-16 22:55:09.000', 'Babolat', 'Pure Aero'),
       (40.00, '2024-02-16 22:55:09.000', 'Babolat', 'Pure Aero Lite'),
       (30.00, '2024-02-16 22:55:09.000', 'Babolat', 'Pure Drive'),
       (40.00, '2024-02-16 22:55:09.000', 'Babolat', 'Pure Strike 98'),
       (60.00, '2024-02-16 22:55:09.000', 'Babolat', 'Pure Drive Lite'),
       (20.00, '2024-02-16 22:55:09.000', 'Babolat', 'Pure Strike 100'),
       (10.00, '2024-02-16 22:55:09.000', 'Babolat', 'Pure Control Tour');

INSERT INTO "order" (created_at)
VALUES ('2024-02-16 23:02:33.000'),
       ('2024-02-16 23:08:21.000');

INSERT INTO order_item (amount, price, created_at, order_id, product_id)
VALUES (8, 800.00, '2024-02-16 23:02:33.000', 1, 1),
       (8, 800.00, '2024-02-16 23:08:21.000', 2, 1),
       (2, 300.00, '2024-02-16 23:08:21.000', 2, 2),
       (2, 180.00, '2024-02-16 23:08:21.000', 2, 3),
       (10, 800.00, '2024-02-16 23:08:21.000', 2, 4),
       (8, 800.00, '2024-02-16 23:08:21.000', 2, 5),
       (8, 400.00, '2024-02-16 23:08:21.000', 2, 6),
       (8, 80.00, '2024-02-16 23:08:21.000', 2, 7),
       (1, 40.00, '2024-02-16 23:08:21.000', 2, 8),
       (10, 300.00, '2024-02-16 23:08:21.000', 2, 9);